iter	Logloss
0	0.5229944408
1	0.4686740411
2	0.4492429433
3	0.4432147225
4	0.4402578591
5	0.4395553987
6	0.4387684999
7	0.4385731789
8	0.438243009
9	0.4381400696
10	0.4380098362
11	0.4374076677
12	0.437071067
13	0.4369717047
14	0.4369392361
15	0.4369316382
16	0.4369240421
17	0.4369218354
18	0.4368981693
19	0.4368413665
